configuration	run	runtime	status
config6	149	53.73355612607111	SUCCESS
config2	16	134.54349570924856	SUCCESS
config6	180	117.10804003733016	SUCCESS
config4	12	223.76304363126326	SUCCESS
config5	193	159.54047256006604	SUCCESS
config2	73	150.20466122039173	SUCCESS
config5	103	1800.0	TIME LIMIT
config4	93	122.59729429036497	SUCCESS
config3	36	172.57231091142583	SUCCESS
config2	68	141.19911026606033	SUCCESS
config2	46	140.50109377678086	SUCCESS
config5	51	163.33568642519236	SUCCESS
config6	197	137.26002789490497	SUCCESS
config2	38	136.76427070463225	SUCCESS
config6	150	73.07067015556383	SUCCESS
config1	99	97.65412866624852	SUCCESS
config1	106	118.8618590121053	SUCCESS
config2	92	138.21270486111578	SUCCESS
config6	94	133.72405031873535	SUCCESS
config3	107	122.72018460640368	SUCCESS
config3	160	145.79549713792827	SUCCESS
config1	93	96.72337853402232	SUCCESS
config1	124	105.8685709380027	SUCCESS
config2	170	150.49020348517885	SUCCESS
config3	69	128.4836351871064	SUCCESS
config3	50	138.74641805453658	SUCCESS
config2	152	167.1531924640404	SUCCESS
config4	26	121.90017390841001	SUCCESS
config5	62	226.42515603990185	SUCCESS
config4	109	215.7015676933393	SUCCESS
config4	162	50.5213766618202	SUCCESS
config2	87	161.76634412969153	SUCCESS
config1	139	87.69135683566044	SUCCESS
config2	121	161.90314050873826	SUCCESS
config5	173	160.42128062092826	SUCCESS
config1	60	95.2082576215471	SUCCESS
config4	197	147.6244977208574	SUCCESS
config4	14	206.79819015826246	SUCCESS
config3	147	135.93909227914014	SUCCESS
config3	146	151.5414425436108	SUCCESS
config5	97	184.4014105929997	SUCCESS
config6	189	43.56156265936035	SUCCESS
config3	41	0.0	SEGFAULT
config3	153	145.08841686602426	SUCCESS
config5	16	188.01150797607778	SUCCESS
config4	63	33.014311061095015	SUCCESS
config2	84	192.66066749312535	SUCCESS
config2	53	170.64930521102295	SUCCESS
config4	195	142.02373689801993	SUCCESS
config1	111	99.73486124550783	SUCCESS
config4	16	87.42909981927758	SUCCESS
config1	62	0.0	SEGFAULT
config6	56	110.55717167651785	SUCCESS
config5	37	150.04937877783627	SUCCESS
config1	175	108.27183249036024	SUCCESS
config2	178	193.79605866435344	SUCCESS
config5	24	166.63492435797684	SUCCESS
config2	161	180.65477826005156	SUCCESS
config3	119	155.0277424674358	SUCCESS
config5	81	164.07393681239037	SUCCESS
config5	102	180.86234468804452	SUCCESS
config2	80	152.27034690502495	SUCCESS
config3	121	150.8672038475987	SUCCESS
config1	35	87.79156350028978	SUCCESS
config5	138	187.31402141313598	SUCCESS
config5	162	185.8956350910441	SUCCESS
config1	96	102.96120277064576	SUCCESS
config2	18	140.29272904341792	SUCCESS
config1	196	91.16142563798867	SUCCESS
config5	175	123.31377807163406	SUCCESS
config6	167	180.8320254254204	SUCCESS
config1	115	103.01547342333612	SUCCESS
config6	44	100.17027743656223	SUCCESS
config2	138	158.2586290855125	SUCCESS
config2	82	181.72033632290703	SUCCESS
config5	131	236.4347120832177	SUCCESS
config5	75	233.83673590553363	SUCCESS
config6	29	153.76766073883795	SUCCESS
config5	124	215.85139886774527	SUCCESS
config3	175	95.7772938198423	SUCCESS
config6	148	85.53928788032206	SUCCESS
config6	54	212.93439212999442	SUCCESS
config2	79	142.29372806276479	SUCCESS
config2	65	125.04433636070301	SUCCESS
config4	103	113.02051859224132	SUCCESS
config5	119	185.82269978694922	SUCCESS
config4	139	155.0586371155449	SUCCESS
config3	197	120.42472568435386	SUCCESS
config2	58	158.87638856292457	SUCCESS
config1	135	115.4993440501754	SUCCESS
config1	147	86.79543386915724	SUCCESS
config5	155	213.51887494764384	SUCCESS
config2	142	0.0	SEGFAULT
config6	164	155.97093305142704	SUCCESS
config1	130	84.49336568933867	SUCCESS
config3	105	130.25749232470608	SUCCESS
config1	40	107.3846657999541	SUCCESS
config5	115	188.37064577311017	SUCCESS
config3	165	131.83849253956896	SUCCESS
config1	134	1800.0	TIME LIMIT
config1	187	99.27171087343127	SUCCESS
config3	136	122.79173269432096	SUCCESS
config3	30	116.3348297466845	SUCCESS
config5	157	193.70259657461352	SUCCESS
config2	40	1800.0	TIME LIMIT
config4	56	0.0	SEGFAULT
config1	12	102.41962271566034	SUCCESS
config3	15	125.03026926886892	SUCCESS
config4	185	167.0385593994108	SUCCESS
config4	31	36.57079630612053	SUCCESS
config4	173	116.87034360502388	SUCCESS
config6	6	79.04843203585708	SUCCESS
config6	13	64.98043810806493	SUCCESS
config6	125	102.64066654589283	SUCCESS
config2	49	158.0996342192191	SUCCESS
config5	19	211.96441125196054	SUCCESS
config3	1	128.01249954092455	SUCCESS
config6	161	114.88039258581446	SUCCESS
config6	144	130.70636081876492	SUCCESS
config6	196	108.4177938457338	SUCCESS
config4	134	107.79216823546757	SUCCESS
config2	14	143.6946151071931	SUCCESS
config1	185	107.14000494092092	SUCCESS
config6	175	47.191011204381745	SUCCESS
config3	53	150.08093031035688	SUCCESS
config1	42	98.8435171761176	SUCCESS
config6	62	108.68986919136006	SUCCESS
config3	157	131.3488362436076	SUCCESS
config4	132	200.68556345293234	SUCCESS
config6	86	100.3869840736746	SUCCESS
config6	101	151.96036903347556	SUCCESS
config1	193	87.54261221288012	SUCCESS
config2	133	136.45676576975777	SUCCESS
config5	87	169.22123727638822	SUCCESS
config4	114	127.52094525717882	SUCCESS
config2	160	160.38693028482345	SUCCESS
config5	168	178.7952614806697	SUCCESS
config2	124	129.87965237000597	SUCCESS
config3	67	155.1501542009461	SUCCESS
config3	7	137.15241029957414	SUCCESS
config6	194	66.7577383836695	SUCCESS
config4	176	35.35215929023073	SUCCESS
config3	126	107.44915124233674	SUCCESS
config4	62	177.43828501860517	SUCCESS
config6	5	185.07183250232265	SUCCESS
config3	191	130.44685106469765	SUCCESS
config4	190	125.268775307298	SUCCESS
config3	73	167.33748534889048	SUCCESS
config6	88	138.43839872813965	SUCCESS
config5	120	212.20895249579317	SUCCESS
config6	93	134.63742427777055	SUCCESS
config5	66	188.57596172174715	SUCCESS
config5	163	201.27011272765537	SUCCESS
config1	24	94.55617275474818	SUCCESS
config4	179	64.82053413921145	SUCCESS
config2	88	155.61983735470065	SUCCESS
config2	56	175.33822298373246	SUCCESS
config6	182	125.20791404023853	SUCCESS
config5	3	166.1317413388487	SUCCESS
config5	15	135.43318880889083	SUCCESS
config5	20	164.48134649698883	SUCCESS
config1	45	92.80155791605291	SUCCESS
config2	179	133.83403429289697	SUCCESS
config3	34	170.04714104192055	SUCCESS
config6	126	110.73735732261572	SUCCESS
config2	99	162.59257683847224	SUCCESS
config3	164	164.0242784432789	SUCCESS
config2	10	161.41781021386333	SUCCESS
config1	198	100.58208718446	SUCCESS
config6	2	144.7842368042264	SUCCESS
config4	155	170.4908544671317	SUCCESS
config5	195	171.56699121342135	SUCCESS
config4	55	86.41883160309743	SUCCESS
config2	182	107.52208551380386	SUCCESS
config3	163	133.47952935664318	SUCCESS
config1	51	96.14917719583684	SUCCESS
config3	96	119.25507691347087	SUCCESS
config2	126	173.16221747000137	SUCCESS
config4	159	103.75843082456888	SUCCESS
config4	141	188.78534066558097	SUCCESS
config2	183	139.48489956638477	SUCCESS
config2	78	151.39604169980038	SUCCESS
config4	79	162.51108710567465	SUCCESS
config5	192	172.5846785243821	SUCCESS
config5	107	202.38760698081663	SUCCESS
config2	196	115.73730941818245	SUCCESS
config3	71	93.96157670528831	SUCCESS
config4	104	175.40914083687582	SUCCESS
config4	180	128.99470755767393	SUCCESS
config3	173	135.6179894238227	SUCCESS
config2	94	157.14030971930094	SUCCESS
config2	30	135.39266736565727	SUCCESS
config1	104	98.3871428833399	SUCCESS
config1	18	90.91975924478788	SUCCESS
config1	95	85.36485051867882	SUCCESS
config3	49	118.81572956222097	SUCCESS
config4	125	62.6827303490656	SUCCESS
config1	176	100.13001891877907	SUCCESS
config6	85	138.51993720689552	SUCCESS
config6	49	137.84825459253673	SUCCESS
config6	153	152.14567186431358	SUCCESS
config5	69	240.3061361629905	SUCCESS
config4	3	87.65316111472131	SUCCESS
config1	159	106.5655360863383	SUCCESS
config3	110	145.40913651559677	SUCCESS
config3	109	123.38099767177924	SUCCESS
config2	132	151.51609116387453	SUCCESS
config6	157	117.39344494779496	SUCCESS
config2	21	112.65469614816504	SUCCESS
config6	104	47.73483305904385	SUCCESS
config5	189	180.80657516983592	SUCCESS
config5	114	177.14113402839143	SUCCESS
config1	67	110.03532897892023	SUCCESS
config3	56	137.85939280090884	SUCCESS
config1	73	115.64643655814007	SUCCESS
config5	34	178.95945337839657	SUCCESS
config3	135	140.94797342632828	SUCCESS
config1	142	83.92516765438772	SUCCESS
config3	48	129.72266165326613	SUCCESS
config3	28	161.16848973699175	SUCCESS
config2	157	144.22682722159723	SUCCESS
config6	183	134.42342981135292	SUCCESS
config1	180	106.25667347765007	SUCCESS
config6	120	122.31207075568237	SUCCESS
config4	78	195.03798953171554	SUCCESS
config2	171	159.959965824909	SUCCESS
config2	17	145.26362786519982	SUCCESS
config6	176	80.91451296700527	SUCCESS
config6	195	152.12611413331615	SUCCESS
config1	140	102.2745993460413	SUCCESS
config5	118	0.0	SEGFAULT
config6	14	207.83007918467305	SUCCESS
config6	81	64.83792915131083	SUCCESS
config1	80	97.80328112162488	SUCCESS
config6	3	164.22551435219805	SUCCESS
config6	108	26.722823684651118	SUCCESS
config6	128	88.40961278762555	SUCCESS
config4	152	88.05191261552488	SUCCESS
config4	50	88.72186492452353	SUCCESS
config5	154	177.53546464822293	SUCCESS
config6	76	65.57696618136686	SUCCESS
config2	59	165.49268106858673	SUCCESS
config1	182	89.29107501938887	SUCCESS
config6	9	169.84177245956732	SUCCESS
config2	130	149.7550645430617	SUCCESS
config5	190	186.25148423842657	SUCCESS
config3	79	162.39149822869155	SUCCESS
config3	44	113.91060998990294	SUCCESS
config3	33	154.35084511591924	SUCCESS
config5	70	174.69158317517852	SUCCESS
config2	31	154.3291717916395	SUCCESS
config6	147	79.7846827058671	SUCCESS
config1	47	110.57122226218915	SUCCESS
config4	81	102.53711478407857	SUCCESS
config5	72	138.62042315956418	SUCCESS
config2	6	160.3007053441732	SUCCESS
config4	37	46.78125598950899	SUCCESS
config4	72	123.84109455301277	SUCCESS
config4	163	37.73006265215541	SUCCESS
config6	96	123.04532088968472	SUCCESS
config2	3	171.07604104069804	SUCCESS
config6	152	70.9650698809067	SUCCESS
config5	137	201.2506934189806	SUCCESS
config4	46	152.616143920671	SUCCESS
config3	38	105.9323512128969	SUCCESS
config5	145	147.89745701021542	SUCCESS
config6	10	136.17462625416232	SUCCESS
config5	2	182.8836233082295	SUCCESS
config6	25	89.5513729427526	SUCCESS
config1	85	94.98242956415463	SUCCESS
config1	110	80.81228784700959	SUCCESS
config4	83	223.83739917804206	SUCCESS
config4	6	164.7596610013866	SUCCESS
config2	97	156.14599041753218	SUCCESS
config4	177	115.08301866026251	SUCCESS
config3	185	144.96441172600672	SUCCESS
config5	164	177.3079291713832	SUCCESS
config4	151	12.330494319814264	SUCCESS
config5	132	136.55958298751267	SUCCESS
config6	173	148.9021779850692	SUCCESS
config1	29	97.08306250206724	SUCCESS
config1	128	100.99651365087641	SUCCESS
config3	161	181.50801597290877	SUCCESS
config3	116	150.01834375248762	SUCCESS
config5	147	159.24275790356268	SUCCESS
config2	159	133.45538112895355	SUCCESS
config3	12	109.31771658528756	SUCCESS
config3	150	141.731795749458	SUCCESS
config1	66	99.27989878419666	SUCCESS
config3	84	124.87298509431393	SUCCESS
config4	23	227.1135179305932	SUCCESS
config3	54	129.39484763255118	SUCCESS
config6	35	43.80573312536923	SUCCESS
config5	23	169.11484318681022	SUCCESS
config2	150	156.2181513119601	SUCCESS
config5	84	200.45674468878934	SUCCESS
config5	94	221.4647697311258	SUCCESS
config6	110	118.44069868810473	SUCCESS
config5	178	132.4829152954283	SUCCESS
config5	76	164.47166102891487	SUCCESS
config4	42	173.93404167156478	SUCCESS
config3	78	201.57761616910477	SUCCESS
config3	177	155.41730387773933	SUCCESS
config2	2	171.66102486350553	SUCCESS
config1	70	103.61395605508415	SUCCESS
config3	179	162.87508086413857	SUCCESS
config4	99	137.32442379489964	SUCCESS
config4	199	188.2070214986922	SUCCESS
config6	192	120.86315348781494	SUCCESS
config3	88	173.74283270145128	SUCCESS
config2	12	169.08003526986406	SUCCESS
config5	183	178.5686593157406	SUCCESS
config4	48	193.82701748629478	SUCCESS
config5	134	193.20043350159997	SUCCESS
config5	56	155.02933280687313	SUCCESS
config5	116	198.23689529149618	SUCCESS
config4	196	119.01811005366594	SUCCESS
config2	156	149.6297372801522	SUCCESS
config3	184	0.0	SEGFAULT
config6	132	126.33011022857887	SUCCESS
config6	79	160.86220379976635	SUCCESS
config4	19	141.20829732009582	SUCCESS
config4	67	178.04133936892597	SUCCESS
config4	71	143.85204136115607	SUCCESS
config6	140	36.36503074673419	SUCCESS
config2	42	160.09974557960913	SUCCESS
config4	97	20.089965773394624	SUCCESS
config4	110	1800.0	TIME LIMIT
config2	192	123.59533585958715	SUCCESS
config3	168	102.5841615794829	SUCCESS
config6	84	61.11488764432218	SUCCESS
config1	84	91.91506397106812	SUCCESS
config6	162	212.4033815307518	SUCCESS
config3	77	146.22500309087073	SUCCESS
config3	82	107.87107359484855	SUCCESS
config2	101	138.7963791960606	SUCCESS
config3	55	124.14254335475312	SUCCESS
config2	91	140.13998130682336	SUCCESS
config5	156	190.28176039133112	SUCCESS
config5	158	197.0930184069661	SUCCESS
config6	134	151.16622549302576	SUCCESS
config2	122	133.63558633533054	SUCCESS
config6	163	106.157604011014	SUCCESS
config3	120	106.61189437757257	SUCCESS
config6	72	96.29249623678605	SUCCESS
config2	55	140.31531854267496	SUCCESS
config6	37	112.93271868753615	SUCCESS
config5	79	215.65179820344252	SUCCESS
config5	176	166.4308104225277	SUCCESS
config2	66	182.64822607863272	SUCCESS
config6	24	173.72746506557587	SUCCESS
config1	133	104.73592430635182	SUCCESS
config4	120	175.2762966478992	SUCCESS
config3	102	112.02864852361718	SUCCESS
config1	49	82.36959844637266	SUCCESS
config3	122	126.74752482108306	SUCCESS
config5	59	198.98795453266533	SUCCESS
config6	179	134.82688390202713	SUCCESS
config1	33	89.422890710441	SUCCESS
config1	90	100.9707754934804	SUCCESS
config2	20	196.29317133347018	SUCCESS
config5	33	156.96607304687615	SUCCESS
config2	137	143.57228316694014	SUCCESS
config2	107	138.1685722232834	SUCCESS
config1	192	102.14093744130204	SUCCESS
config3	16	171.02303951045047	SUCCESS
config2	143	139.8611364925774	SUCCESS
config1	184	0.0	SEGFAULT
config2	184	134.81734676892603	SUCCESS
config1	151	103.46448209496975	SUCCESS
config6	60	87.05351972479055	SUCCESS
config5	14	210.95533618405904	SUCCESS
config1	116	99.65288230294756	SUCCESS
config3	3	140.93961187529484	SUCCESS
config6	124	116.83461752511768	SUCCESS
config4	121	179.351515278019	SUCCESS
config5	184	179.89192382728294	SUCCESS
config2	195	140.6164869579059	SUCCESS
config3	22	135.02071703041852	SUCCESS
config6	53	65.73896365033319	SUCCESS
config6	172	135.29630956222084	SUCCESS
config4	60	0.0	SEGFAULT
config1	165	104.12780926936499	SUCCESS
config4	136	179.47352444623203	SUCCESS
config1	113	124.63242112485287	SUCCESS
config3	125	103.90235798670962	SUCCESS
config5	159	193.43125680051946	SUCCESS
config4	69	137.3251940865358	SUCCESS
config3	24	152.90751899170294	SUCCESS
config1	75	108.21902504375224	SUCCESS
config3	85	111.55492580804652	SUCCESS
config4	181	189.60011431722995	SUCCESS
config4	118	130.05495233574837	SUCCESS
config6	131	70.86508889539871	SUCCESS
config2	147	121.8507245124689	SUCCESS
config3	134	126.96327784395682	SUCCESS
config4	170	157.94642948933824	SUCCESS
config4	133	142.67671507569898	SUCCESS
config1	194	101.73180925851182	SUCCESS
config6	145	80.97024747386138	SUCCESS
config4	73	55.850388790571515	SUCCESS
config1	170	91.10485570374476	SUCCESS
config4	146	65.1862456552399	SUCCESS
config3	106	128.15212151522263	SUCCESS
config6	47	107.8282053392875	SUCCESS
config1	11	95.34270246429743	SUCCESS
config2	25	171.77901193934733	SUCCESS
config2	127	165.8332538792587	SUCCESS
config3	93	122.77431597343472	SUCCESS
config4	8	172.47763576596677	SUCCESS
config2	63	129.5122471733142	SUCCESS
config3	81	120.88919118799149	SUCCESS
config6	80	138.8668825617294	SUCCESS
config2	136	133.49005606414977	SUCCESS
config1	82	114.77894044741517	SUCCESS
config3	11	117.50715816324262	SUCCESS
config1	118	111.4282281451502	SUCCESS
config6	0	140.2795446658141	SUCCESS
config6	57	109.03499651559987	SUCCESS
config4	171	134.0595711984688	SUCCESS
config4	107	67.32922184131719	SUCCESS
config5	121	149.2045410176682	SUCCESS
config2	190	132.03170657303284	SUCCESS
config2	35	162.67838044636022	SUCCESS
config6	67	170.15971954330755	SUCCESS
config5	7	165.6375413500957	SUCCESS
config5	160	199.2816827960263	SUCCESS
config4	182	165.91583030011566	SUCCESS
config4	17	95.80570829728393	SUCCESS
config3	180	146.76992814988827	SUCCESS
config6	17	139.03066495594769	SUCCESS
config4	4	154.9111656806795	SUCCESS
config4	189	71.58277725681823	SUCCESS
config6	102	81.82625237828964	SUCCESS
config1	126	90.09463674869312	SUCCESS
config5	8	217.67268376720563	SUCCESS
config5	123	158.9963755518248	SUCCESS
config4	33	152.35979698513705	SUCCESS
config6	198	111.13273504521845	SUCCESS
config5	29	171.5464617341848	SUCCESS
config1	114	98.07639035218878	SUCCESS
config4	96	123.93175951580453	SUCCESS
config5	44	184.99356624639168	SUCCESS
config4	127	82.2862074990321	SUCCESS
config1	167	118.96792982653947	SUCCESS
config2	39	167.04866669592448	SUCCESS
config6	106	58.78282590014868	SUCCESS
config4	183	41.474969818841146	SUCCESS
config6	63	88.26300915464941	SUCCESS
config5	80	255.80797277620866	SUCCESS
config2	180	133.20556315638447	SUCCESS
config3	37	112.39797083570217	SUCCESS
config4	35	198.69933816450163	SUCCESS
config2	114	176.10957614308657	SUCCESS
config5	52	160.87838618080445	SUCCESS
config2	166	154.48184963620832	SUCCESS
config1	123	85.98148937207719	SUCCESS
config3	68	129.38997704778944	SUCCESS
config1	4	97.65846625276664	SUCCESS
config1	152	93.1997527842151	SUCCESS
config3	60	179.2945026583278	SUCCESS
config5	93	215.0788677133702	SUCCESS
config4	84	139.09677261157768	SUCCESS
config2	162	147.82479703086284	SUCCESS
config6	19	118.95536097116525	SUCCESS
config1	7	107.67434729152909	SUCCESS
config6	21	128.85873428543982	SUCCESS
config4	57	178.63645096296824	SUCCESS
config3	25	167.37263115064698	SUCCESS
config4	187	108.76834250014878	SUCCESS
config1	5	97.6586304305082	SUCCESS
config6	133	41.89665583048638	SUCCESS
config4	174	82.30177055666618	SUCCESS
config5	170	183.84313244732368	SUCCESS
config2	185	153.00787572952416	SUCCESS
config4	111	130.87164365898616	SUCCESS
config5	40	178.516088710427	SUCCESS
config6	42	99.6163459454558	SUCCESS
config5	148	178.63241950933508	SUCCESS
config6	26	70.41580718965676	SUCCESS
config1	157	104.73832920911788	SUCCESS
config5	47	253.65900419732682	SUCCESS
config1	108	102.57550390722764	SUCCESS
config4	64	101.87795292984339	SUCCESS
config4	39	172.35491513060774	SUCCESS
config6	142	85.00725689217285	SUCCESS
config2	64	144.9486369721368	SUCCESS
config2	164	163.80287983422224	SUCCESS
config3	58	128.92701389305637	SUCCESS
config5	60	186.08769062553898	SUCCESS
config1	190	95.53485047932979	SUCCESS
config3	190	141.43132474438784	SUCCESS
config2	67	121.39717244078734	SUCCESS
config5	125	134.30439285648674	SUCCESS
config5	169	137.07674693645856	SUCCESS
config5	17	206.6889238687031	SUCCESS
config6	165	81.8729429949645	SUCCESS
config3	9	150.28877668117497	SUCCESS
config6	170	138.310077418219	SUCCESS
config1	32	99.86502775262066	SUCCESS
config2	28	135.69392581480065	SUCCESS
config2	129	162.5669101852856	SUCCESS
config4	130	136.06786077251365	SUCCESS
config6	113	125.96544457408284	SUCCESS
config2	128	162.4823963410431	SUCCESS
config4	160	4.970285743678659	SUCCESS
config1	86	109.15402117702074	SUCCESS
config2	41	147.70527117066203	SUCCESS
config5	122	183.98909022440628	SUCCESS
config3	139	128.46216260953702	SUCCESS
config2	197	177.07744748330825	SUCCESS
config3	118	141.98664610858452	SUCCESS
config1	122	114.02794310936099	SUCCESS
config5	88	197.71964492076927	SUCCESS
config3	158	147.88904284756595	SUCCESS
config6	65	114.25720910767588	SUCCESS
config2	37	153.72908629538856	SUCCESS
config3	193	146.67324210573898	SUCCESS
config4	68	96.61493993440543	SUCCESS
config1	20	114.65648768921554	SUCCESS
config6	171	87.50132896422929	SUCCESS
config1	28	93.99361310081196	SUCCESS
config4	148	199.72525316124862	SUCCESS
config6	122	56.07258311577148	SUCCESS
config1	36	102.08863595004756	SUCCESS
config3	64	137.7534390061834	SUCCESS
config6	119	107.72217505115731	SUCCESS
config2	163	158.03423444197884	SUCCESS
config3	90	139.84054717366766	SUCCESS
config5	104	185.7329720405971	SUCCESS
config4	2	122.9815184960087	SUCCESS
config2	60	131.46139056843833	SUCCESS
config1	188	91.53206281931595	SUCCESS
config5	105	181.39309644468446	SUCCESS
config4	21	91.31499980307105	SUCCESS
config2	174	193.06364915023113	SUCCESS
config5	98	216.1952689952507	SUCCESS
config2	108	160.94194762340075	SUCCESS
config3	4	130.99869057041514	SUCCESS
config6	155	215.29528259349564	SUCCESS
config6	20	78.38102178218753	SUCCESS
config5	39	173.58033467323474	SUCCESS
config1	199	88.57029702169376	SUCCESS
config5	0	208.14851417927994	SUCCESS
config3	195	129.79967202290507	SUCCESS
config4	70	117.6539710560408	SUCCESS
config4	87	131.93945795132566	SUCCESS
config4	158	169.0882743495797	SUCCESS
config2	169	134.53980432289066	SUCCESS
config2	109	145.95614695132213	SUCCESS
config6	32	103.67968405684043	SUCCESS
config6	185	153.23122902218486	SUCCESS
config4	7	151.75859008409847	SUCCESS
config3	52	120.28547907328912	SUCCESS
config2	110	145.64637593545558	SUCCESS
config1	57	96.90787624148786	SUCCESS
config5	5	170.7248362959408	SUCCESS
config1	161	107.87084603742451	SUCCESS
config4	124	201.6715766150548	SUCCESS
config3	17	142.31349268585717	SUCCESS
config2	189	138.46192688675194	SUCCESS
config3	65	135.58060800933555	SUCCESS
config1	91	109.68644990532889	SUCCESS
config1	166	108.2206015999449	SUCCESS
config6	117	116.01207045847511	SUCCESS
config3	166	1800.0	TIME LIMIT
config4	140	105.1218248320004	SUCCESS
config4	119	172.5327198003806	SUCCESS
config2	120	151.93991929985435	SUCCESS
config6	191	118.30750748652444	SUCCESS
config6	70	159.84340769990516	SUCCESS
config4	184	70.51859317148313	SUCCESS
config2	7	160.2757190182442	SUCCESS
config6	87	95.0071676980161	SUCCESS
config4	137	58.61960924315038	SUCCESS
config4	80	102.56739327960705	SUCCESS
config4	153	53.845510329625085	SUCCESS
config6	156	129.73271603523557	SUCCESS
config5	53	215.67049593322656	SUCCESS
config3	123	151.41197337186318	SUCCESS
config3	182	152.6556373221257	SUCCESS
config3	92	141.54736615295238	SUCCESS
config3	108	140.97043255889653	SUCCESS
config1	92	92.97946906122648	SUCCESS
config1	54	110.30999522495951	SUCCESS
config4	143	126.27882267357711	SUCCESS
config1	39	101.96861235869123	SUCCESS
config3	137	132.3088891154035	SUCCESS
config5	10	174.39385067515923	SUCCESS
config6	92	66.7574668960041	SUCCESS
config6	83	129.57498244911673	SUCCESS
config5	151	190.5616618954289	SUCCESS
config6	168	84.9213176884893	SUCCESS
config3	186	130.81278200919513	SUCCESS
config4	154	202.10075800681847	SUCCESS
config3	124	124.73481686914967	SUCCESS
config2	118	156.48332704976883	SUCCESS
config1	120	107.91031947043047	SUCCESS
config3	142	150.59608355830565	SUCCESS
config4	59	101.4692833956947	SUCCESS
config3	26	120.70153078839792	SUCCESS
config5	141	206.17371984840435	SUCCESS
config1	1	98.61735698828815	SUCCESS
config1	97	102.6105527217989	SUCCESS
config6	174	134.87239848868785	SUCCESS
config5	106	139.20431577060242	SUCCESS
config1	77	97.00992649534132	SUCCESS
config5	179	202.81243968432892	SUCCESS
config2	62	85.17465319861854	SUCCESS
config3	75	135.01927920887243	SUCCESS
config3	87	118.3690399277121	SUCCESS
config3	183	185.41385715608791	SUCCESS
config4	129	136.43812051517403	SUCCESS
config1	94	96.07891846867842	SUCCESS
config5	43	191.4722923855215	SUCCESS
config1	65	113.56240028570824	SUCCESS
config6	23	163.8168018461991	SUCCESS
config3	127	140.96169893322764	SUCCESS
config2	173	169.18541652170413	SUCCESS
config4	25	141.8161834837016	SUCCESS
config2	43	167.31510388340243	SUCCESS
config3	129	121.91366749791183	SUCCESS
config6	39	58.19684911745536	SUCCESS
config6	50	183.9582437978138	SUCCESS
config3	174	156.5881116236698	SUCCESS
config4	112	163.5033865344377	SUCCESS
config1	38	86.71813951101569	SUCCESS
config2	8	160.30095372612095	SUCCESS
config1	105	104.04050856814538	SUCCESS
config6	74	53.69953221128715	SUCCESS
config5	38	209.5296719542975	SUCCESS
config1	79	80.12431085399108	SUCCESS
config5	136	149.3630154860786	SUCCESS
config4	28	150.67589863652083	SUCCESS
config3	46	147.33196492193696	SUCCESS
config6	12	121.19874505279282	SUCCESS
config1	89	105.13267433113356	SUCCESS
config2	51	168.35723894109552	SUCCESS
config1	171	91.84189715034562	SUCCESS
config4	149	77.65193258408361	SUCCESS
config5	166	159.7082309382219	SUCCESS
config5	48	160.86780047246052	SUCCESS
config4	76	1800.0	TIME LIMIT
config5	74	179.00619081378608	SUCCESS
config4	15	129.8955391731324	SUCCESS
config3	103	151.25938473381143	SUCCESS
config5	112	187.48151051132265	SUCCESS
config1	48	103.43618289568461	SUCCESS
config4	116	240.17077926191376	SUCCESS
config1	189	84.85152775314135	SUCCESS
config5	41	200.2445847649981	SUCCESS
config2	98	166.2572423767792	SUCCESS
config2	117	143.79466486813087	SUCCESS
config2	71	121.2827569764112	SUCCESS
config2	96	167.991997508665	SUCCESS
config2	75	159.2420694852654	SUCCESS
config6	141	58.81692133057194	SUCCESS
config5	86	197.51784555977892	SUCCESS
config2	146	121.03831317005351	SUCCESS
config4	44	111.36863500295902	SUCCESS
config3	188	156.60671633088492	SUCCESS
config1	177	114.53534077157317	SUCCESS
config3	13	165.5535364379702	SUCCESS
config2	44	125.99407185888447	SUCCESS
config1	78	100.91760776535503	SUCCESS
config5	96	174.98645759049438	SUCCESS
config2	47	136.93341534852576	SUCCESS
config5	139	163.07764107789814	SUCCESS
config2	36	109.49714826684786	SUCCESS
config3	51	159.10284641002477	SUCCESS
config4	32	139.96115613026396	SUCCESS
config2	76	153.9811939114694	SUCCESS
config2	11	172.71131280361197	SUCCESS
config6	100	89.09107917923842	SUCCESS
config2	89	137.54600960358812	SUCCESS
config6	146	117.47067057908313	SUCCESS
config2	153	146.80122940073147	SUCCESS
config5	45	194.77353792024448	SUCCESS
config4	65	64.01650526869281	SUCCESS
config4	61	22.427131031503762	SUCCESS
config2	102	164.94587210246524	SUCCESS
config3	95	150.77820087369318	SUCCESS
config5	13	185.89664329534725	SUCCESS
config3	59	116.04244214822303	SUCCESS
config1	53	106.11676288840867	SUCCESS
config6	1	73.11338703289499	SUCCESS
config5	171	159.56845027575358	SUCCESS
config4	145	120.77895237907337	SUCCESS
config2	116	163.6390594258993	SUCCESS
config5	22	248.9669437085775	SUCCESS
config5	152	142.45381727428668	SUCCESS
config5	54	222.61512743969564	SUCCESS
config5	177	107.2836202011313	SUCCESS
config3	35	141.4818956083955	SUCCESS
config5	109	244.8976416991638	SUCCESS
config1	169	92.4626383564251	SUCCESS
config4	178	70.57044464245413	SUCCESS
config3	101	178.1883328094026	SUCCESS
config3	63	144.27959821468443	SUCCESS
config6	190	127.18472876530343	SUCCESS
config4	131	141.09603771176424	SUCCESS
config3	104	126.98714861756346	SUCCESS
config3	138	160.1258561842888	SUCCESS
config5	65	168.36895320192048	SUCCESS
config2	135	147.05885236995724	SUCCESS
config6	28	112.22899649154779	SUCCESS
config4	193	135.98909670712686	SUCCESS
config3	144	90.56710999745421	SUCCESS
config4	45	164.1829968743336	SUCCESS
config2	167	150.2518480156359	SUCCESS
config2	57	135.84661068762438	SUCCESS
config5	25	223.60153431353103	SUCCESS
config6	71	27.06439070367402	SUCCESS
config1	26	88.49006422577698	SUCCESS
config3	171	173.52874624550566	SUCCESS
config2	134	169.502394668355	SUCCESS
config5	82	165.31681672445333	SUCCESS
config5	31	152.44044160547406	SUCCESS
config4	91	118.13888817450793	SUCCESS
config4	198	131.19570670323307	SUCCESS
config6	69	153.66027407689847	SUCCESS
config1	129	94.965243458838	SUCCESS
config4	188	147.5026049512276	SUCCESS
config1	112	100.60230209941027	SUCCESS
config1	191	108.56398794323472	SUCCESS
config5	172	205.21930646966172	SUCCESS
config3	131	106.7695987546208	SUCCESS
config4	10	185.86970328171628	SUCCESS
config3	42	98.65115799920247	SUCCESS
config4	1	166.23168414563844	SUCCESS
config6	129	78.86781098390749	SUCCESS
config2	19	151.63748278772644	SUCCESS
config4	41	97.055786856553	SUCCESS
config5	100	191.06019926618703	SUCCESS
config1	50	103.24083969394795	SUCCESS
config5	174	166.6144970035566	SUCCESS
config6	22	185.28097985900135	SUCCESS
config2	93	166.9920419404205	SUCCESS
config2	194	173.58880241442574	SUCCESS
config2	61	148.809492878764	SUCCESS
config6	90	95.5613533672368	SUCCESS
config1	109	99.25554084233833	SUCCESS
config2	70	178.82546578132232	SUCCESS
config6	64	81.48616869291342	SUCCESS
config5	27	164.31419918540195	SUCCESS
config3	176	144.7122911621713	SUCCESS
config6	15	115.1688472790091	SUCCESS
config3	10	154.23229756177778	SUCCESS
config4	13	85.5406090955216	SUCCESS
config1	158	88.08696502797352	SUCCESS
config4	77	98.59424195170438	SUCCESS
config3	89	157.63279513898902	SUCCESS
config5	144	235.39910988142998	SUCCESS
config6	97	59.95545694458788	SUCCESS
config3	152	163.35564123319614	SUCCESS
config1	183	104.82472415243186	SUCCESS
config6	115	154.13207528066084	SUCCESS
config3	80	137.44164817038467	SUCCESS
config1	9	1800.0	TIME LIMIT
config2	105	152.34654766617564	SUCCESS
config3	45	153.39345097660077	SUCCESS
config3	198	131.11413479847778	SUCCESS
config2	177	153.66684011476704	SUCCESS
config1	2	106.47688538100692	SUCCESS
config3	27	153.7210291999688	SUCCESS
config3	189	122.87832348182266	SUCCESS
config2	15	165.17938440986535	SUCCESS
config2	123	191.8477455137092	SUCCESS
config1	31	118.52278184508938	SUCCESS
config1	141	113.07142754282428	SUCCESS
config4	88	107.04789270896484	SUCCESS
config1	56	91.60782476777362	SUCCESS
config3	194	160.750798885158	SUCCESS
config4	194	40.35031332341653	SUCCESS
config1	64	108.12525822394198	SUCCESS
config3	98	122.48763493230486	SUCCESS
config3	8	142.40591263423798	SUCCESS
config4	52	144.70150931413696	SUCCESS
config6	91	156.37319213456993	SUCCESS
config1	186	104.73237624573545	SUCCESS
config1	149	102.96984673233186	SUCCESS
config6	36	142.92682335847658	SUCCESS
config6	151	55.932615775346655	SUCCESS
config6	123	139.7305637609086	SUCCESS
config4	66	55.265926213954714	SUCCESS
config6	51	155.06260118191028	SUCCESS
config4	128	116.79308267035037	SUCCESS
config2	81	163.24261349042092	SUCCESS
config5	140	141.59086803987316	SUCCESS
config1	197	0.0	SEGFAULT
config2	168	151.95352197097662	SUCCESS
config4	186	70.87563032308452	SUCCESS
config6	193	58.930056967187625	SUCCESS
config2	188	169.008476763721	SUCCESS
config1	76	100.87047068238171	SUCCESS
config4	94	156.63200386077895	SUCCESS
config1	119	107.51933032686775	SUCCESS
config3	86	127.06854231514947	SUCCESS
config6	109	177.85825473160153	SUCCESS
config6	158	75.66568879275147	SUCCESS
config3	187	0.0	SEGFAULT
config6	118	95.45551151144576	SUCCESS
config3	155	131.76246067755065	SUCCESS
config5	6	186.6640131490114	SUCCESS
config1	44	85.21478009632573	SUCCESS
config6	30	42.30141481140723	SUCCESS
config3	76	151.53113926111533	SUCCESS
config2	5	131.24349920169755	SUCCESS
config5	146	134.23424487225782	SUCCESS
config4	9	93.2382394219716	SUCCESS
config2	22	163.72520380749026	SUCCESS
config3	99	112.34400538071327	SUCCESS
config6	18	129.24036926946854	SUCCESS
config6	4	126.53739612894803	SUCCESS
config6	121	41.593264293734975	SUCCESS
config3	143	168.83137241315802	SUCCESS
config5	185	145.2490593242237	SUCCESS
config2	175	134.653048742239	SUCCESS
config1	10	95.36582307187538	SUCCESS
config3	94	170.46248154539313	SUCCESS
config6	169	182.49794231987715	SUCCESS
config3	57	119.29515355161251	SUCCESS
config3	29	104.82521027153771	SUCCESS
config4	54	92.484742307729	SUCCESS
config3	40	147.68130897878615	SUCCESS
config6	186	143.35688618195616	SUCCESS
config5	12	223.409336530612	SUCCESS
config4	113	144.78409439863023	SUCCESS
config5	108	199.36452543423226	SUCCESS
config6	66	99.80091130316579	SUCCESS
config5	42	146.31833935313105	SUCCESS
config3	32	134.61186331110883	SUCCESS
config3	172	146.53854747528325	SUCCESS
config2	187	187.52341678431773	SUCCESS
config3	19	141.35036962820217	SUCCESS
config2	125	125.71622774424536	SUCCESS
config4	85	141.50208235955347	SUCCESS
config4	38	131.2225909279986	SUCCESS
config2	100	133.42009978155855	SUCCESS
config4	147	47.99745587028528	SUCCESS
config4	51	139.79017667187046	SUCCESS
config5	50	161.30578420725706	SUCCESS
config5	128	226.9657208770302	SUCCESS
config3	111	138.99523781101726	SUCCESS
config4	86	171.51417270159212	SUCCESS
config5	83	211.32482631207216	SUCCESS
config5	46	188.67505931723454	SUCCESS
config2	176	167.44641273441357	SUCCESS
config1	8	95.30525614065049	SUCCESS
config2	32	150.91143679807627	SUCCESS
config3	5	152.45699864694998	SUCCESS
config1	3	115.23029856408026	SUCCESS
config3	141	117.40586290684763	SUCCESS
config5	181	192.76372685354895	SUCCESS
config4	105	68.00470364372346	SUCCESS
config6	7	60.21381186754332	SUCCESS
config6	43	49.874281875275756	SUCCESS
config2	154	149.61967584194622	SUCCESS
config3	156	130.24787551855013	SUCCESS
config5	191	118.74795394727128	SUCCESS
config5	180	1800.0	TIME LIMIT
config3	91	169.59888277780053	SUCCESS
config3	115	155.1078245165151	SUCCESS
config2	158	156.45437120676178	SUCCESS
config4	58	147.1800077297216	SUCCESS
config2	48	185.30908480562192	SUCCESS
config4	126	135.13177326195165	SUCCESS
config2	140	133.55559208867137	SUCCESS
config6	166	108.60046038012153	SUCCESS
config3	31	99.21535644479799	SUCCESS
config2	155	129.94941270724382	SUCCESS
config1	102	96.57285483473231	SUCCESS
config3	21	175.10681684886407	SUCCESS
config1	88	94.70239796232961	SUCCESS
config1	46	95.39361229040213	SUCCESS
config5	113	227.32359839290422	SUCCESS
config5	167	234.02821298732448	SUCCESS
config5	111	186.57450982991816	SUCCESS
config1	6	115.79212815507391	SUCCESS
config1	25	101.10922589709867	SUCCESS
config5	32	149.87577699743795	SUCCESS
config1	83	94.81729781726352	SUCCESS
config1	101	95.79354677234642	SUCCESS
config6	111	106.1314755251843	SUCCESS
config2	69	152.61481154572184	SUCCESS
config5	142	199.50603533875983	SUCCESS
config5	63	233.87633019286565	SUCCESS
config4	122	151.93651110145925	SUCCESS
config5	186	225.10194905301452	SUCCESS
config4	29	68.86037174007973	SUCCESS
config5	126	163.23234458185235	SUCCESS
config1	163	91.7931768164829	SUCCESS
config3	130	152.7718491755475	SUCCESS
config6	33	92.9247572021032	SUCCESS
config1	155	92.85648581973632	SUCCESS
config1	153	102.32253697161003	SUCCESS
config3	113	0.0	SEGFAULT
config1	144	102.59882794248423	SUCCESS
config3	117	120.44889510402898	SUCCESS
config6	114	108.49461190300606	SUCCESS
config3	114	128.46457338863334	SUCCESS
config6	58	117.92339043071419	SUCCESS
config4	20	146.14177440177497	SUCCESS
config6	78	147.42713572589844	SUCCESS
config2	193	186.62917531708706	SUCCESS
config6	82	89.01918934880905	SUCCESS
config4	95	115.96417099457088	SUCCESS
config4	34	95.8406768850313	SUCCESS
config3	192	149.57959651492783	SUCCESS
config1	179	127.20169166589619	SUCCESS
config1	19	85.87696298664709	SUCCESS
config4	175	105.9662461566613	SUCCESS
config2	141	154.87374422983825	SUCCESS
config5	78	179.50731311781743	SUCCESS
config3	169	132.96973031917383	SUCCESS
config3	39	138.88904602206762	SUCCESS
config4	167	148.195456002618	SUCCESS
config1	125	121.90455625809979	SUCCESS
config5	61	134.52767655008304	SUCCESS
config4	74	169.813340972357	SUCCESS
config4	150	70.43038252718463	SUCCESS
config6	16	114.37579178419571	SUCCESS
config5	18	182.46851967826274	SUCCESS
config1	121	90.9061254520526	SUCCESS
config5	89	213.26110741748724	SUCCESS
config6	38	58.401564010357845	SUCCESS
config6	99	102.60391454228044	SUCCESS
config5	36	226.5150147844223	SUCCESS
config5	161	219.87457590397293	SUCCESS
config1	132	89.37696286273895	SUCCESS
config4	135	168.20435841441787	SUCCESS
config5	182	150.9907157061236	SUCCESS
config5	194	149.95139970315253	SUCCESS
config4	168	149.7377170832643	SUCCESS
config4	157	232.62179026721543	SUCCESS
config4	98	165.81638373512408	SUCCESS
config5	58	163.43330867157087	SUCCESS
config5	91	195.21822093321893	SUCCESS
config4	192	89.93161780243932	SUCCESS
config5	4	166.96511317703053	SUCCESS
config6	159	138.01239517635966	SUCCESS
config5	196	233.93059580548567	SUCCESS
config2	50	124.78232091329909	SUCCESS
config6	40	96.56861202839487	SUCCESS
config3	145	124.06209489059046	SUCCESS
config5	30	139.6664846689717	SUCCESS
config4	90	116.4199370292968	SUCCESS
config4	102	224.41873523903638	SUCCESS
config6	45	99.09105721009318	SUCCESS
config1	103	91.9772273077838	SUCCESS
config3	112	135.2210390626718	SUCCESS
config5	149	187.30018347968075	SUCCESS
config1	71	115.38036566465969	SUCCESS
config2	52	192.44312394025266	SUCCESS
config1	52	93.23077999694041	SUCCESS
config1	174	102.7669079933002	SUCCESS
config3	181	131.69424172198399	SUCCESS
config5	135	164.93837326942167	SUCCESS
config1	23	85.75251813786544	SUCCESS
config6	116	114.56910594648159	SUCCESS
config5	64	161.61633928546843	SUCCESS
config4	115	138.24805012331126	SUCCESS
config2	33	136.96799304788365	SUCCESS
config2	86	146.96429809928833	SUCCESS
config1	127	94.33702270397228	SUCCESS
config5	73	158.0720988017424	SUCCESS
config5	85	235.401219772081	SUCCESS
config6	55	112.36873736057953	SUCCESS
config2	1	161.2156905273647	SUCCESS
config1	27	103.75698018345672	SUCCESS
config6	199	111.1902455798298	SUCCESS
config5	28	167.39439548712429	SUCCESS
config5	198	162.8646303065161	SUCCESS
config2	115	150.42007683265518	SUCCESS
config5	68	199.7563281801849	SUCCESS
config2	181	138.01214709111954	SUCCESS
config5	127	191.31635625193562	SUCCESS
config1	160	90.25318329772679	SUCCESS
config1	172	99.22898290585896	SUCCESS
config3	151	136.88645529215842	SUCCESS
config1	72	99.64173960890048	SUCCESS
config1	131	100.68562974806028	SUCCESS
config2	29	163.5919549786935	SUCCESS
config1	98	100.05113456642461	SUCCESS
config1	178	97.35343166762044	SUCCESS
config5	165	223.2035164634842	SUCCESS
config6	154	72.02404444672229	SUCCESS
config6	48	100.76261879165288	SUCCESS
config4	22	118.78227038695086	SUCCESS
config2	72	173.26327504309918	SUCCESS
config2	172	179.02287215590084	SUCCESS
config1	164	109.63376129244321	SUCCESS
config2	23	117.74568257620697	SUCCESS
config5	133	114.03582130139755	SUCCESS
config4	142	112.49722064837367	SUCCESS
config5	9	153.1617809334149	SUCCESS
config3	132	138.67840402705366	SUCCESS
config5	49	164.07009134994547	SUCCESS
config4	5	139.67426927108747	SUCCESS
config6	34	69.5158249895933	SUCCESS
config4	108	88.81155196520974	SUCCESS
config6	27	104.96852319601408	SUCCESS
config4	172	125.2100551975938	SUCCESS
config6	188	107.19337154165412	SUCCESS
config3	66	152.2833340008685	SUCCESS
config2	34	192.8788817865065	SUCCESS
config1	14	82.75082167486967	SUCCESS
config6	130	117.83381020390726	SUCCESS
config2	85	110.95824400954996	SUCCESS
config6	52	99.24445237780678	SUCCESS
config1	156	118.65774511144757	SUCCESS
config4	36	58.71171684988294	SUCCESS
config2	139	138.72550894392052	SUCCESS
config5	35	187.0264419760956	SUCCESS
config6	95	1800.0	TIME LIMIT
config3	70	134.4989660569671	SUCCESS
config6	61	88.12564235038431	SUCCESS
config6	41	176.7608610115757	SUCCESS
config1	68	103.61636025047635	SUCCESS
config2	148	135.63111557495128	SUCCESS
config5	90	204.61446543592092	SUCCESS
config1	181	91.42842443583717	SUCCESS
config6	68	3.9612076642795273	SUCCESS
config1	138	108.1351721736967	SUCCESS
config4	30	107.13117312883274	SUCCESS
config2	198	147.70920309494764	SUCCESS
config4	89	110.1825075457511	SUCCESS
config4	101	24.81276890968445	SUCCESS
config4	156	85.59248274111381	SUCCESS
config3	14	146.64628023959185	SUCCESS
config4	0	189.9677718293001	SUCCESS
config1	17	103.14247332595274	SUCCESS
config5	77	186.71363854916694	SUCCESS
config3	199	147.54600986089704	SUCCESS
config6	31	171.18201277842456	SUCCESS
config1	34	108.22544912103189	SUCCESS
config2	0	157.15574720696566	SUCCESS
config6	98	146.96108076827605	SUCCESS
config3	61	140.70527103943456	SUCCESS
config3	18	163.58594368127652	SUCCESS
config4	75	95.31217084193437	SUCCESS
config5	1	164.51865815347878	SUCCESS
config1	74	73.80254895910255	SUCCESS
config5	150	172.76291826431012	SUCCESS
config3	162	157.42249406863385	SUCCESS
config5	57	194.14246669159212	SUCCESS
config6	112	88.20323652764202	SUCCESS
config1	154	102.93072473298682	SUCCESS
config6	184	132.3916179172416	SUCCESS
config6	105	134.24039805382557	SUCCESS
config3	20	181.21495849763974	SUCCESS
config4	161	234.5471286295371	SUCCESS
config1	58	103.31263431403563	SUCCESS
config3	159	131.58031038359474	SUCCESS
config1	168	97.5461188399713	SUCCESS
config3	74	172.89935427002567	SUCCESS
config3	2	140.10487399436366	SUCCESS
config1	41	101.7136828118997	SUCCESS
config1	55	109.31280119116198	SUCCESS
config1	21	97.74223699513465	SUCCESS
config3	100	158.52355095063282	SUCCESS
config5	71	156.0510826638464	SUCCESS
config5	11	166.80806825177476	SUCCESS
config4	106	150.63869525312847	SUCCESS
config5	197	199.22528583801028	SUCCESS
config6	136	120.24118937255503	SUCCESS
config4	24	206.37715850503557	SUCCESS
config2	113	166.27019272001277	SUCCESS
config3	97	136.19322643832783	SUCCESS
config4	191	53.298725254089774	SUCCESS
config5	26	227.38716437192136	SUCCESS
config1	43	96.98896304410711	SUCCESS
config2	186	156.8351195155432	SUCCESS
config3	148	147.42291746742617	SUCCESS
config6	143	111.04364200843335	SUCCESS
config2	9	227.05462981309444	SUCCESS
config6	138	176.61897777850305	SUCCESS
config1	100	85.84629257949585	SUCCESS
config6	75	78.88733249636499	SUCCESS
config3	196	134.60250129413257	SUCCESS
config2	26	151.28560038190926	SUCCESS
config3	72	109.69617875602896	SUCCESS
config6	103	53.661548145457616	SUCCESS
config4	138	149.8700034924929	SUCCESS
config3	128	145.19445003442965	SUCCESS
config6	160	86.97448695048905	SUCCESS
config2	27	128.4451044414139	SUCCESS
config6	46	2.1245342823371374	SUCCESS
config1	30	93.98293387770603	SUCCESS
config6	181	56.58622565159595	SUCCESS
config5	110	170.76665295140998	SUCCESS
config1	195	103.85317379728836	SUCCESS
config6	137	149.30763935782056	SUCCESS
config2	95	136.1418080947869	SUCCESS
config2	131	132.05491257028336	SUCCESS
config4	123	62.849754363475824	SUCCESS
config3	170	140.36836758379104	SUCCESS
config1	173	103.41151974816644	SUCCESS
config5	187	206.32086871727014	SUCCESS
config6	139	150.5748026007252	SUCCESS
config2	112	166.5083269797606	SUCCESS
config1	63	88.0379337591933	SUCCESS
config1	15	94.37712470759027	SUCCESS
config5	67	190.03370369961075	SUCCESS
config4	164	171.128521600482	SUCCESS
config2	106	175.5532979157685	SUCCESS
config4	11	129.87998023461998	SUCCESS
config4	165	241.98762031696364	SUCCESS
config5	21	222.2804232055674	SUCCESS
config2	151	179.50712433899105	SUCCESS
config1	87	103.28751109659684	SUCCESS
config4	92	156.381477181849	SUCCESS
config3	83	144.06927271734446	SUCCESS
config2	13	1800.0	TIME LIMIT
config3	140	156.71384224130284	SUCCESS
config3	23	159.43141901908712	SUCCESS
config2	45	143.30997528318102	SUCCESS
config4	18	103.982634590284	SUCCESS
config2	54	119.61260068091974	SUCCESS
config6	127	123.90326821446683	SUCCESS
config6	187	128.36720316913747	SUCCESS
config6	89	127.7705324594416	SUCCESS
config1	81	103.57112571511746	SUCCESS
config1	146	87.63049289121918	SUCCESS
config5	101	168.19983563017917	SUCCESS
config1	13	80.86719755342202	SUCCESS
config4	117	117.11906014832073	SUCCESS
config2	104	149.58196812071705	SUCCESS
config2	4	122.44661264085818	SUCCESS
config1	150	102.50492850345877	SUCCESS
config6	59	104.2255835230423	SUCCESS
config5	199	197.17748344068477	SUCCESS
config5	130	163.34401419920405	SUCCESS
config4	82	103.91824743913087	SUCCESS
config1	59	109.75545127122359	SUCCESS
config1	0	104.96714153011233	SUCCESS
config2	199	174.75632623946925	SUCCESS
config1	162	111.58595579007404	SUCCESS
config3	43	138.21759920974424	SUCCESS
config4	169	162.67077793901538	SUCCESS
config1	107	101.74577812831839	SUCCESS
config2	103	162.2074053086693	SUCCESS
config3	47	121.2024042734529	SUCCESS
config1	69	93.54880245394875	SUCCESS
config4	40	204.19638457289344	SUCCESS
config6	8	38.85119004382885	SUCCESS
config2	90	145.8375549928545	SUCCESS
config6	135	128.90389929652173	SUCCESS
config3	154	146.75205324150403	SUCCESS
config4	166	189.2136409255259	SUCCESS
config2	111	171.9755370397438	SUCCESS
config2	119	147.3971389126463	SUCCESS
config6	11	107.7766131635818	SUCCESS
config5	188	173.37107478511007	SUCCESS
config1	117	88.31321962380468	SUCCESS
config1	61	98.14341023336183	SUCCESS
config5	129	178.02749216781038	SUCCESS
config5	117	185.59827369469073	SUCCESS
config5	55	162.8776111875157	SUCCESS
config4	53	133.03368829119535	SUCCESS
config1	136	92.16746707663764	SUCCESS
config2	165	141.9755905622833	SUCCESS
config1	143	101.84633858532304	SUCCESS
config5	92	212.00024068767462	SUCCESS
config2	24	140.56136268421133	SUCCESS
config2	77	137.9956624568241	SUCCESS
config3	167	119.83827378165192	SUCCESS
config3	178	110.42827508440317	SUCCESS
config3	62	126.00548984014829	SUCCESS
config6	177	100.0992545779398	SUCCESS
config3	149	127.92029626568359	SUCCESS
config1	16	89.87168879665576	SUCCESS
config6	107	180.19176727937457	SUCCESS
config3	0	108.11144682411266	SUCCESS
config5	143	177.0247240866185	SUCCESS
config4	43	118.07457652496464	SUCCESS
config6	77	180.09081773694493	SUCCESS
config3	133	115.77967600475087	SUCCESS
config6	178	107.02266283599815	SUCCESS
config1	148	1800.0	TIME LIMIT
config3	6	118.6475914123481	SUCCESS
config2	149	145.73105696576306	SUCCESS
config4	49	189.0045677073726	SUCCESS
config1	22	100.67528204687923	SUCCESS
config4	144	111.34640878580652	SUCCESS
config6	73	95.14236536016834	SUCCESS
config4	100	169.9005054929826	SUCCESS
config4	27	126.00156633591307	SUCCESS
config1	37	80.40329876120225	SUCCESS
config2	74	130.36982697904097	SUCCESS
config2	191	159.8383834301301	SUCCESS
config2	144	140.57923388763354	SUCCESS
config4	47	41.180392150787526	SUCCESS
config2	145	154.64099874715274	SUCCESS
config1	145	0.0	SEGFAULT
config5	95	199.46129662768928	SUCCESS
config5	99	155.49192987038293	SUCCESS
config2	83	125.24369002346302	SUCCESS
config5	153	223.31293812219778	SUCCESS
config1	137	96.77938483794324	SUCCESS
